fold,n,PHM08_score,RMSE,MAE,PHM08_mean,RMSE_mean,MAE_mean
preds_val_fold0.csv,4120,-37.978030125544834,37.978030125544834,23.00539356786408,-33.745724041087726,33.745724041087726,21.542605650190136
preds_val_fold0_smoothed.csv,4120,-37.978030125544834,37.978030125544834,23.00539356786408,-33.745724041087726,33.745724041087726,21.542605650190136
preds_val_fold1.csv,4133,-31.096452397581075,31.096452397581075,19.652728236462618,-33.745724041087726,33.745724041087726,21.542605650190136
preds_val_fold2.csv,4126,-31.30457253174972,31.30457253174972,19.957454641129424,-33.745724041087726,33.745724041087726,21.542605650190136
preds_val_fold3.csv,4125,-33.897819975224635,33.897819975224635,22.19997601784242,-33.745724041087726,33.745724041087726,21.542605650190136
preds_val_fold4.csv,4127,-30.219439090881266,30.219439090881266,21.43468786997819,-33.745724041087726,33.745724041087726,21.542605650190136
